title,company,location,link
Python Developer Intern,OXO Solutions,"Ruby, SC",https://www.indeed.com/viewjob?jk=84a541c104b5b24c
Data Scientist Entry Level - Pathrise Recruiting Partners,Pathrise,Remote,https://www.indeed.com/viewjob?jk=57125117d2b4b0f6
Internship - Junior Developer,Expesicor,United States,https://www.indeed.com/viewjob?jk=9631a03769041d15
"Financial Analyst, Americas Customer Service",Amazon.com Services LLC,Remote,https://www.indeed.com/viewjob?jk=adc8162797f38f34
Python developer,Ace-stack LLC,"Houston, TX",https://www.indeed.com/viewjob?jk=0c34c27b60a5c923
Python Developer,"Accolite, Inc.","San Francisco, CA",https://www.indeed.com/viewjob?jk=fba1d294996286c5
States Coordinated Campaign Data Associate,Democratic National Committee,Remote,https://www.indeed.com/viewjob?jk=ec602799572510d6
Python Developer,Stier Solutions,"Menlo Park, CA",https://www.indeed.com/viewjob?jk=1af40020baa8becf
Senior Python Developer,"Artemis Consulting, Inc.","Washington, DC",https://www.indeed.com/viewjob?jk=35dd82f89d139ee0
IBM Research AI Residency Program,IBM,United States,https://www.indeed.com/viewjob?jk=e4536e4d7a7736f0
Senior Python Developer,OMBU,"Portland, OR",https://www.indeed.com/viewjob?jk=d13b06d1113de40c
Coordinated Campaign Data Associate,Democratic National Committee,Remote,https://www.indeed.com/viewjob?jk=88d65d8102b17105
"MACHINE LEARNING ENGINEER - PYTHON, TENSORFLOW, #10647",InspiHER Tech,United States,https://www.indeed.com/viewjob?jk=a754b1fae51c41d2
Python Programmer,Fred Hutchinson Cancer Research Center,"Seattle, WA",https://www.indeed.com/viewjob?jk=dd70022181a4a331
Junior Python Developer,GTS,"New York, NY",https://www.indeed.com/viewjob?jk=f8f068da6dd93fa6
Junior Programmer,Murphy Research,"Santa Monica, CA",https://www.indeed.com/viewjob?jk=d578170c516fe700
Python/C++ Developer,Medical Science & Computing,"Bethesda, MD",https://www.indeed.com/viewjob?jk=b5c5e4f6474663f3
Data Analyst,Democratic National Committee,Remote,https://www.indeed.com/viewjob?jk=d99449e57b14d0a8
2020,Chicago Transit Authority,"Chicago, IL",https://www.indeed.com/viewjob?jk=81ea96087aefb88b
Coordinated Campaign Data Analyst,Democratic National Committee,Remote,https://www.indeed.com/viewjob?jk=a950b3f51924cd74
Python Developer,Indus Group,United States,https://www.indeed.com/viewjob?jk=67008ecde32d356f
PYTHON DEVELOPER,Pythonwise,"Seattle, WA",https://www.indeed.com/viewjob?jk=1a20a1c56fb7df73
Hadoop/Bigdata Developer With Python/Scala,ZLLIUS,"Chicago, IL",https://www.indeed.com/viewjob?jk=fa683931f30b76a7
Python compiler development and infrastructure intern,Intel,"Austin, TX",https://www.indeed.com/viewjob?jk=cd061e8f37089461
Software Developer - Python & Django,Anders Innovations,"Dallas, TX",https://www.indeed.com/viewjob?jk=8665e0b9139e296a
Penetration Testing Trainee (Remote USA),BreachLock,"Florida, NY",https://www.indeed.com/viewjob?jk=487b30db63184515
Data Analyst ( Python / R experience required ),Experian,United States,https://www.indeed.com/viewjob?jk=fa3b30feab6db94a
Python Developer,Technology Ventures,"McLean, VA",https://www.indeed.com/viewjob?jk=1bc865bc37c97c10
Python Developer NY,ION,"New York, NY",https://www.indeed.com/viewjob?jk=af54069e782f3aa1
Python Developer,Sara Technologies,United States,https://www.indeed.com/viewjob?jk=07cc59a85ae4d228
GIS Technician (Contract),Orbital Insight,United States,https://www.indeed.com/viewjob?jk=3e307741d1c78aec
"PYTHON SOFTWARE ENGINEER-DEEP LEARNING, #10648",InspiHER Tech,United States,https://www.indeed.com/viewjob?jk=3dd6c509667887e7
Python Developer,Infosys Limited,"Springfield, MA",https://www.indeed.com/viewjob?jk=fa37564195c91d16
Python Developer,Callsign Media,"Las Vegas, NV",https://www.indeed.com/viewjob?jk=345e22ca6e583be5
Developer I (Python),Technology Ventures,"Herndon, VA",https://www.indeed.com/viewjob?jk=1a8a170700e27a83
Software Engineer (Remote),GapJumpers,"San Francisco, CA",https://www.indeed.com/viewjob?jk=baaa8a0c1f573f17
Junior Software Engineer,FormSwift,"San Francisco, CA",https://www.indeed.com/viewjob?jk=1e12b18acfdc21fa
Analytics Fellow (Remote) - Pantheon Analytics,Meso Solutions,Remote,https://www.indeed.com/viewjob?jk=37565caf555de5a4
States Coordinated Campaign Data Analyst,Democratic National Committee,Remote,https://www.indeed.com/viewjob?jk=8c84a472e611905d
Support,RStudio,United States,https://www.indeed.com/viewjob?jk=2c26339484d5141f
Consulting Professors,Saylor Academy,Remote,https://www.indeed.com/viewjob?jk=edb0eb6a7ba31772
Python Developer,Epsilon,"San Diego, CA",https://www.indeed.com/viewjob?jk=89a10a936d01a485
Python Developer,Iconic Technology Group,"Portland, ME",https://www.indeed.com/viewjob?jk=00a9b425056ecd25
Remote Full Stack Python Web Developer (Contract),Workhuman,"Framingham, MA",https://www.indeed.com/viewjob?jk=d6f1dd9f98c21a55
C# Developer,Grant Street Group,Remote,https://www.indeed.com/viewjob?jk=135f96ce736eb91b
"Product Analyst, Performance",Pinterest,"San Francisco, CA",https://www.indeed.com/viewjob?jk=15d2297a19ff21b3
Python developer,VAUXOO,"Colima, GA",https://www.indeed.com/viewjob?jk=f7669fcbd77ecd11
python-developer,Primafelicitas,"San Francisco, CA",https://www.indeed.com/viewjob?jk=7363bacb02a91ef9
Python developer,MiaRec,"San Jose, CA",https://www.indeed.com/viewjob?jk=a9d348a3be3717e4
Linux and Windows Administrator,Teramind,Remote,https://www.indeed.com/viewjob?jk=f6b67373b2a38da2
Jr. Python Developer,Q2ebanking,"Austin, TX",https://www.indeed.com/viewjob?jk=8446e0c1cb5c66cb
Software Engineer,Democratic National Committee,Remote,https://www.indeed.com/viewjob?jk=4f9ea9d29e57a0a4
Sr. Analytics Engineer,HCA Healthcare,Remote,https://www.indeed.com/viewjob?jk=3479150329a31a91
Coordinated Campaign Data Scientist,Democratic National Committee,Remote,https://www.indeed.com/viewjob?jk=8d8391f2b7ad9c38
"Engineering, Intern",Plex,United States,https://www.indeed.com/viewjob?jk=71c334606b7555bb
Python & JavaScript Developer,"Media Storm, LLC","New York, NY",https://www.indeed.com/viewjob?jk=3d07c7b81d80f7cc
Data Analyst I,TMF Health Quality Institute,Remote,https://www.indeed.com/viewjob?jk=728fb569dfa8f6fb
Python Scripting-Lead,Wipro Limited,"Santa Clara, CA",https://www.indeed.com/viewjob?jk=80a4015ff405d17f
Python Developer,Haneke Design,"Tampa, FL",https://www.indeed.com/viewjob?jk=542b21736b6bca61
Python Developer (Fullstack),Konviere Corporation,"Leawood, KS",https://www.indeed.com/viewjob?jk=213ef23aef1e09fd
Disaster Impact Researcher,One Concern,"Menlo Park, CA",https://www.indeed.com/viewjob?jk=71a580b4471d4fdf
Python Developer,General Dynamics Information Technology,North Carolina,https://www.indeed.com/viewjob?jk=9e74d7793cebc306
Developer - Python Django,Energy Sense Finance,"Tampa, FL",https://www.indeed.com/viewjob?jk=213f60ab30d8eece
Python Developer - Compliance,Hudson River Trading,"New York, NY",https://www.indeed.com/viewjob?jk=9f0873188786e7ab
Python Developer,Anexinet,"King of Prussia, PA",https://www.indeed.com/viewjob?jk=08ca326acb107ae9
"Software Engineer, University Grad",Facebook,"Los Angeles, CA",https://www.indeed.com/viewjob?jk=26fa94f0770d4c29
Entry Level - Software Developer,Smoothstack Inc,"Fairfax, VA",https://www.indeed.com/viewjob?jk=e49f6527e777a4a3
Summer Intern for OMPS Task,"Science System and Applications, Inc.","Greenbelt, MD",https://www.indeed.com/viewjob?jk=6ffcb6cbab58c582
Content Contributor: Deep Learning with TensorFlow,Codecademy,Remote,https://www.indeed.com/viewjob?jk=43f229fbf366647c
Python Developer,JPI,"Washington, DC",https://www.indeed.com/viewjob?jk=8aad776b5e4ea12c
Data Science Assistant,Intelliloan,"Costa Mesa, CA",https://www.indeed.com/viewjob?jk=1547368f48693a11
Python Grader - Training and Documentation Consultant,Bloomberg,"New York, NY",https://www.indeed.com/viewjob?jk=b3272ffb0ef42c75
Jr. Software Developer (Java/ Python) - USC/GC - T,Select Group,"Tampa, FL",https://www.indeed.com/viewjob?jk=8437d6310e062b27
Data Analyst,Wellth,"Los Angeles, CA",https://www.indeed.com/viewjob?jk=d0317a1cbccd5774
Python Engineer,Emsi,"Moscow, ID",https://www.indeed.com/viewjob?jk=363ecb6e97aacb1a
Python Programmer,Jacobs,"Research Triangle Park, NC",https://www.indeed.com/viewjob?jk=ba563629d3fb6c3c
College Graduate Positions,"G3 Technologies, Inc.",United States,https://www.indeed.com/viewjob?jk=2466aa995796f7bc
Junior Software Engineer,FT Optimize,"Half Moon Bay, CA",https://www.indeed.com/viewjob?jk=77c167d55a282b3c
Software Engineer - Python/Django (Remote),drchrono,Remote,https://www.indeed.com/viewjob?jk=c1ec2e8c70f040ba
Software Developer III - Python,Charles Schwab Inc.,"Phoenix, AZ",https://www.indeed.com/viewjob?jk=814ce07c6247ef55
Python/Django Developer,D-Tech,"Herndon, VA",https://www.indeed.com/viewjob?jk=5ba3cbc6c6cb54af
GIS Analyst,"City of Houston, TX","Houston, TX",https://www.indeed.com/viewjob?jk=18247fe996d077d1
Report Analyst (Remote),IronArch Technology,Remote,https://www.indeed.com/viewjob?jk=23f80d8bf722b148
Quantitative Researcher,DRW Trading Group,"Greenwich, CT",https://www.indeed.com/viewjob?jk=15a94ff5ccdda7cf
Full-Stack Engineer,Octane AI,Remote,https://www.indeed.com/viewjob?jk=57099625aa3bb0f8
Python Developer,TMS LLC,"Sunnyvale, CA",https://www.indeed.com/viewjob?jk=efbb529251c0156e
Technician,Quantum Spatial INC,"Corvallis, OR",https://www.indeed.com/viewjob?jk=a5734d3d70d5a237
Full Stack Developers,PredICT Interactive,"Wichita, KS",https://www.indeed.com/viewjob?jk=9a3680fa3a978a33
Freelance Web Developer,RedRover Sales & Marketing Strategy,"Memphis, TN",https://www.indeed.com/viewjob?jk=f16d5642f36de713
Trading Algorithm Developer-Quantitative strategy,Binance,Remote,https://www.indeed.com/viewjob?jk=df4bb2ef6ada2697
Associate Maps Designer,StubHub,"Draper, UT",https://www.indeed.com/viewjob?jk=64e2238b63b9b9e3
